base_lr,lr,data_time,grad_norm,loss,decode.loss_ce.s0,decode.acc_seg.s0,decode.loss_ce.s1,decode.acc_seg.s1,decode.loss_ce.s2,decode.acc_seg.s2,decode.loss_ce.s3,decode.acc_seg.s3,aux.loss_ce,aux.acc_seg,time,iter,memory,step
7.200000000000003e-07,7.200000000000003e-07,0.005295181274414062,312.6700637817383,3.437921404838562,0.6120290935039521,33.55107116699219,0.6383746266365051,67.90922546386719,1.152523446083069,44.95313262939453,0.7964336335659027,39.645259857177734,0.23856061697006226,27.859954833984375,0.27084884643554685,12,6746,12
5.999999999999996e-06,5.999999999999996e-06,0.004988241195678711,200.47483100891114,2.8068525552749635,0.6274823397397995,26.299184799194336,0.5896445095539093,80.74024200439453,0.692191880941391,76.64677429199219,0.6568137899041175,78.8157730102539,0.24072004184126855,45.29021453857422,0.269874119758606,100,4611,100
1.199999999999997e-05,1.199999999999997e-05,0.00537717342376709,111.09038581848145,1.9257335424423219,0.5779351025819779,63.70103073120117,0.3855621933937073,50.72626876831055,0.36734411865472794,58.575340270996094,0.3838618606328964,65.79776000976562,0.21103033274412156,50.05110549926758,0.27125890254974366,200,4611,200
1.7999999999999953e-05,1.7999999999999953e-05,0.005782985687255859,127.06802062988281,1.8898768782615663,0.6187324285507202,53.449249267578125,0.3330432489514351,91.1346435546875,0.3540186256170273,77.61001586914062,0.36301596015691756,90.716552734375,0.22106662541627883,92.56439208984375,0.2782336950302124,300,4611,300
2.3999999999999953e-05,2.3999999999999953e-05,0.005374979972839355,58.12028694152832,1.3463215589523316,0.4791997402906418,71.85572052001953,0.2625615939497948,79.88907623291016,0.21667520552873612,87.74495697021484,0.22837782502174378,87.27497100830078,0.15950718894600868,58.02309036254883,0.2705514430999756,400,4611,400
2.9999999999999977e-05,2.9999999999999977e-05,0.0051841259002685545,82.59077663421631,1.4915809512138367,0.3768224656581879,91.21623229980469,0.3238018535077572,75.6336669921875,0.33720354102551936,76.55632019042969,0.30787374936044215,70.7217788696289,0.1458792995661497,85.4530029296875,0.2716783285140991,500,4611,500
3.6e-05,3.6e-05,0.005207371711730957,32.00037641525269,0.9008142948150635,0.28180195242166517,81.08673095703125,0.2066089455038309,84.18807983398438,0.15684008300304414,91.26129150390625,0.15993349701166154,91.64505004882812,0.09562979191541672,85.51406860351562,0.26929616928100586,600,6058,600
4.200000000000002e-05,4.200000000000002e-05,0.0051102876663208004,124.77670059204101,1.1596044272184372,0.24658114612102508,92.88333892822266,0.3115869052708149,92.2232437133789,0.24468560814857482,92.6120834350586,0.25663324855268,92.64584350585938,0.10011750496923924,91.3175048828125,0.2706167459487915,700,4610,700
4.800000000000002e-05,4.800000000000002e-05,0.004989886283874511,19.894072771072388,0.8293656289577485,0.21197522431612015,94.53582763671875,0.16057710610330106,96.52786254882812,0.19059105962514877,96.14028930664062,0.18565187696367502,96.65985107421875,0.08057036101818085,93.84765625,0.27083263397216795,800,4610,800
5.4000000000000045e-05,5.4000000000000045e-05,0.005095577239990235,12.271511793136597,0.5172515913844109,0.15009687840938568,93.78814697265625,0.0960766525939107,95.32546997070312,0.1080197524279356,94.95849609375,0.09936973005533219,95.40939331054688,0.06368856485933065,89.1754150390625,0.26977732181549074,900,4610,900
6.000000000000001e-05,6.000000000000001e-05,0.005289983749389648,9.090874648094177,0.481243360042572,0.11423858031630515,90.00930786132812,0.10733286049216986,87.83950805664062,0.10658376645296812,88.63296508789062,0.10718969032168388,89.434814453125,0.04589847754687071,86.88430786132812,0.2695990324020386,1000,4610,1000
6.000000000000001e-05,6.000000000000001e-05,0.0049836158752441405,9.433758485317231,0.6259534940123558,0.15557237789034845,94.1047592163086,0.12706060223281385,94.55229187011719,0.13070328682661056,94.0952377319336,0.15199947748333215,94.19046020507812,0.06061775926500559,94.51538848876953,0.27181806564331057,1100,4610,1100
6.000000000000001e-05,6.000000000000001e-05,0.0052746057510375975,9.142149305343628,0.3359180577099323,0.0863274522125721,96.71160125732422,0.07155497800558805,94.5833511352539,0.06892414018511772,96.60912322998047,0.07627812959253788,95.77532958984375,0.0328333480283618,92.10486602783203,0.2689458131790161,1200,4610,1200
6.000000000000001e-05,6.000000000000001e-05,0.0051830530166625975,32.31682648658752,0.4871507205069065,0.10194580797106027,96.52188110351562,0.12113709971308709,97.11368560791016,0.10321400687098503,97.14889526367188,0.1155783268623054,97.35335540771484,0.04527548868209123,96.5321044921875,0.27074949741363524,1300,4610,1300
6.000000000000001e-05,6.000000000000001e-05,0.00518951416015625,8.630948257446288,0.5301532849669457,0.15034226421266794,97.74239349365234,0.10656077302992344,97.96641540527344,0.11119390074163675,98.1460189819336,0.10999085754156113,98.06973266601562,0.052065488323569296,97.65355682373047,0.2703200340270996,1400,4610,1400
6.000000000000001e-05,6.000000000000001e-05,0.005086851119995117,14.784621095657348,0.36148318499326704,0.08808034043759108,98.91827392578125,0.08315254831686616,99.64974212646484,0.07695458438247442,99.60021209716797,0.07703931611031294,99.60552215576172,0.036256398912519215,97.46417999267578,0.26984453201293945,1500,4610,1500
6.000000000000001e-05,6.000000000000001e-05,0.005079150199890137,22.54384266138077,0.6318674832582474,0.13746181968599558,99.27978515625,0.14407436456531286,99.267578125,0.14326079972088337,99.25003051757812,0.15212597995996474,99.28817749023438,0.05494453134015202,99.21112060546875,0.2694387435913086,1600,4610,1600
6.000000000000001e-05,6.000000000000001e-05,0.005092263221740723,2.4820440828800203,0.17666120864450932,0.04748729700222611,99.15695190429688,0.03751321211457252,99.67193603515625,0.03641152335330844,99.69711303710938,0.03521852595731616,99.70245361328125,0.020030651520937682,99.62539672851562,0.2702951192855835,1700,4610,1700
6.000000000000001e-05,6.000000000000001e-05,0.004981732368469239,13.274574512243271,0.43244484774768355,0.10088005773723126,97.76074981689453,0.09795109033584595,97.70083618164062,0.09405256547033787,97.66214752197266,0.09859667113050818,97.75201416015625,0.040964479511603716,97.4711685180664,0.2712372303009033,1800,4610,1800
6.000000000000001e-05,6.000000000000001e-05,0.005077838897705078,26.057827983796596,0.5842851046472788,0.13880977053195237,95.15824890136719,0.13301321025937796,95.13433074951172,0.12166250380687416,95.13091278076172,0.12491772987414151,95.19924926757812,0.0658818855881691,95.2359848022461,0.2700726747512817,1900,4610,1900
6.000000000000001e-05,6.000000000000001e-05,0.005187845230102539,5.264121264219284,0.2919041536748409,0.06997441202402115,93.95904541015625,0.0634226394817233,95.67642211914062,0.06438894388265907,95.69473266601562,0.06464329934678972,95.70770263671875,0.02947486164048314,92.49343872070312,0.27026636600494386,2000,4610,2000
6.000000000000001e-05,6.000000000000001e-05,0.0050925731658935545,10.531785857677459,0.3307154029607773,0.08305085524916649,99.55902099609375,0.07085414221510292,99.58343505859375,0.06895077440422029,99.56817626953125,0.06867733136750757,99.57733154296875,0.0391823005862534,99.3133544921875,0.27027366161346433,2100,4610,2100
6.000000000000001e-05,6.000000000000001e-05,0.005085992813110352,6.828072649240494,0.3385505713522434,0.08999529834836721,99.21746063232422,0.07226825393736362,99.17120361328125,0.0693749587982893,99.158935546875,0.06812861524522304,99.08718872070312,0.03878345158882439,98.58783721923828,0.2705188274383545,2200,4610,2200
6.000000000000001e-05,6.000000000000001e-05,0.005186748504638672,4.6562106043100355,0.1693400524556637,0.044061345793306825,97.44186401367188,0.034234455530531706,97.71041870117188,0.03443157179281116,97.70431518554688,0.0342966768424958,97.85842895507812,0.02231600508093834,96.7864990234375,0.26840379238128664,2300,4610,2300
6.000000000000001e-05,6.000000000000001e-05,0.005086278915405274,11.323061886429787,0.2872267685830593,0.06431579594500363,96.5789794921875,0.0683077156310901,96.490478515625,0.06517840514425188,96.61865234375,0.0632900700205937,96.60873413085938,0.026134788990020752,97.25570678710938,0.2703390121459961,2400,4610,2400
6.000000000000001e-05,6.000000000000001e-05,0.0050144195556640625,9.026167127490044,0.38612307906150817,0.0831216003978625,96.3878402709961,0.09107163196895271,96.63093566894531,0.08612724703270942,96.82209777832031,0.09134720158763229,96.8729248046875,0.03445539493113756,96.0044174194336,0.26937782764434814,2500,4610,2500
6.000000000000001e-05,6.000000000000001e-05,0.0049378395080566405,1.9430440753698348,0.15210172850638629,0.03613568730652332,95.8240737915039,0.0327460051048547,95.72023010253906,0.032921325601637366,95.38191223144531,0.03380603971891105,95.25350952148438,0.016492673335596918,96.08981323242188,0.26917414665222167,2600,4610,2600
6.000000000000001e-05,6.000000000000001e-05,0.005087518692016601,9.446764224767685,0.3763373399153352,0.09084765007719398,97.96295166015625,0.07911267061717808,98.87466430664062,0.08255997900851071,98.90594482421875,0.0875709387473762,98.93341064453125,0.03624611524865031,98.486328125,0.2683389902114868,2700,4610,2700
6.000000000000001e-05,6.000000000000001e-05,0.0051833391189575195,7.463865953683853,0.23116106875240802,0.052545414213091134,97.26104736328125,0.05282538472674787,97.2015380859375,0.051777883619070056,97.17025756835938,0.05236966083757579,97.198486328125,0.021642724378034474,98.0438232421875,0.2698680400848389,2800,4610,2800
6.000000000000001e-05,6.000000000000001e-05,0.005114340782165527,3.816538745164871,0.18223285004496576,0.03972660982981324,98.73580932617188,0.04478014037013054,98.7152099609375,0.039954666141420604,98.77853393554688,0.03973732297308743,98.8006591796875,0.01803410816937685,98.65341186523438,0.2692537546157837,2900,4610,2900
6.000000000000001e-05,6.000000000000001e-05,0.00498354434967041,14.09543821811676,0.33931991271674633,0.06679405076429248,98.5297622680664,0.079777848161757,98.20919036865234,0.08178333751857281,98.28361511230469,0.08512176480144262,98.3122329711914,0.025842913053929807,98.61372375488281,0.2723479986190796,3000,4610,3000
6.000000000000001e-05,6.000000000000001e-05,0.005082178115844727,10.442573967576028,0.23794248551130295,0.05325965322554112,94.5576171875,0.0552084106951952,94.87245178222656,0.054696083534508944,95.05284118652344,0.05434083677828312,94.82990264892578,0.020437504397705197,95.02391052246094,0.27029216289520264,3100,4610,3100
6.000000000000001e-05,6.000000000000001e-05,0.005096817016601562,3.7047518655657767,0.15322313755750655,0.03504064916633069,99.77411651611328,0.03432699372060597,99.68510437011719,0.03475571344606578,99.74185180664062,0.0345114812720567,99.7296142578125,0.014588304329663515,99.16102600097656,0.26921935081481935,3200,4610,3200
6.000000000000001e-05,6.000000000000001e-05,0.005183959007263183,1.9583897560834884,0.11137796454131603,0.026503206230700016,98.87466430664062,0.024433449562638997,98.95706176757812,0.02425980446860194,98.85940551757812,0.024313020054250956,98.92425537109375,0.011868482641875743,98.21701049804688,0.27199974060058596,3300,4610,3300
6.000000000000001e-05,6.000000000000001e-05,0.005089879035949707,2.6294727355241774,0.12368997428566217,0.030146492179483175,97.47017669677734,0.02657178808003664,97.48579406738281,0.026235233806073666,97.58816528320312,0.026176685886457562,97.66624450683594,0.014559774287045002,95.97362518310547,0.27166922092437745,3400,4610,3400
6.000000000000001e-05,6.000000000000001e-05,0.005192208290100098,4.35164595246315,0.17432008013129235,0.040223063342273234,99.40109252929688,0.03888198686763644,99.22256469726562,0.03834691941738129,99.29275512695312,0.03850047262385488,99.29656982421875,0.01836764165200293,99.1851806640625,0.27110114097595217,3500,4610,3500
6.000000000000001e-05,6.000000000000001e-05,0.005183720588684082,4.093397986888886,0.19042972922325135,0.04257641965523362,98.32860565185547,0.04252444300800562,98.3440933227539,0.04247972397133708,98.32447814941406,0.04343258664011955,98.31828308105469,0.019416557718068363,98.15929412841797,0.2691134691238403,3600,4610,3600
6.000000000000001e-05,6.000000000000001e-05,0.005084562301635742,3.5851677507162094,0.1773563798516989,0.04034878434613347,99.78866577148438,0.039904580591246484,99.7833251953125,0.03985447445884347,99.76959228515625,0.039968354627490044,99.78103637695312,0.017280189762823285,99.74899291992188,0.27042512893676757,3700,4610,3700
6.000000000000001e-05,6.000000000000001e-05,0.0050795555114746095,3.886776477098465,0.13419769583269953,0.02994093440938741,98.87161254882812,0.030217970116063954,98.80523681640625,0.029870208096690477,98.82659912109375,0.03069848467130214,98.81973266601562,0.013470096350647508,98.3551025390625,0.27392780780792236,3800,4610,3800
6.000000000000001e-05,6.000000000000001e-05,0.005182480812072754,4.951275292038917,0.12080561891198158,0.026672024792060257,98.25190734863281,0.026886750687845053,98.20975494384766,0.027302038064226507,98.20693969726562,0.027322993404231964,98.19195556640625,0.01262181052006781,97.84720611572266,0.27042689323425295,3900,4610,3900
6.000000000000001e-05,6.000000000000001e-05,0.005101776123046875,7.29814390540123,0.21717961002141237,0.04953196989372373,99.47733306884766,0.048720739083364606,99.41199493408203,0.04962166314944625,99.39625549316406,0.04935535406693816,99.38838195800781,0.019949879264459014,99.3191146850586,0.27064807415008546,4000,4610,4000
6.000000000000001e-05,6.000000000000001e-05,0.00527796745300293,3.511726301908493,0.12451732577756047,0.02792144939303398,99.8335952758789,0.02931628164369613,99.87235260009766,0.02741605488117784,99.87462615966797,0.027169872494414448,99.88260650634766,0.012693670520093292,99.80966186523438,0.27148425579071045,4100,4610,4100
6.000000000000001e-05,6.000000000000001e-05,0.0051825523376464845,5.776881295442581,0.1835532534867525,0.0417654253076762,99.76806640625,0.03958420073613524,99.75967407226562,0.039472200395539406,99.77340698242188,0.040060826716944574,99.76043701171875,0.02267059695441276,99.73983764648438,0.272312331199646,4200,4610,4200
6.000000000000001e-05,6.000000000000001e-05,0.005087947845458985,1.5744215115904807,0.10366250788792968,0.023591775586828588,99.52330017089844,0.023044145852327346,99.45471954345703,0.022920019458979368,99.46146392822266,0.023094625724479557,99.46146392822266,0.011011943849734963,99.50643920898438,0.2731010913848877,4300,4610,4300
6.000000000000001e-05,6.000000000000001e-05,0.004964780807495117,2.875568926334381,0.12426958233118057,0.02736683953553438,98.40008544921875,0.02826436688192189,98.29996490478516,0.028274565190076827,98.37629699707031,0.027803592383861542,98.28211975097656,0.012560217967256903,98.5606689453125,0.2704662084579468,4400,4610,4400
6.000000000000001e-05,6.000000000000001e-05,0.005092191696166992,6.124525472521782,0.17376697044819595,0.041685364581644534,97.16873168945312,0.035487943701446055,97.88665771484375,0.03776667201891541,97.86148071289062,0.03762735752388835,97.87216186523438,0.02119963018922135,95.85037231445312,0.2705803155899048,4500,4610,4500
6.000000000000001e-05,6.000000000000001e-05,0.005276012420654297,4.590848587453365,0.17782090082764626,0.04734553350135684,99.44886779785156,0.030741676362231372,99.48800659179688,0.03149808854795992,99.4945297241211,0.031107946718111634,99.4969711303711,0.037127659749239685,99.50267791748047,0.2692734241485596,4600,4610,4600
6.000000000000001e-05,6.000000000000001e-05,0.00508430004119873,1.986046887934208,0.09995475793257355,0.02215211794245988,98.99351501464844,0.02232997090322897,98.90641784667969,0.02312477936502546,98.99738311767578,0.02268270298372954,98.98770904541016,0.009665187285281717,97.97348022460938,0.2712744474411011,4700,4610,4700
6.000000000000001e-05,6.000000000000001e-05,0.0050907135009765625,2.384481842815876,0.10962847964838147,0.024510624725371598,99.60784912109375,0.024096645461395384,99.60861206054688,0.02440556581132114,99.60784912109375,0.024658019421622157,99.60250854492188,0.011957625113427638,99.64218139648438,0.27033519744873047,4800,4610,4800
6.000000000000001e-05,6.000000000000001e-05,0.005383181571960449,2.6752699494361876,0.1233875524252653,0.028873967472463846,96.34628295898438,0.027316886745393277,96.01364135742188,0.027613855339586733,95.97244262695312,0.027310144249349834,96.11663818359375,0.01227269833907485,97.97286987304688,0.272010350227356,4900,4610,4900
6.000000000000001e-05,6.000000000000001e-05,0.0049906492233276365,2.4414848387241364,0.11654495317488908,0.02574097558390349,99.14398193359375,0.02669756580144167,99.1302490234375,0.026492358115501703,99.12261962890625,0.025917087309062482,99.13864135742188,0.011696968390606344,99.03717041015625,0.2715728282928467,5000,4610,5000
6.000000000000001e-05,6.000000000000001e-05,0.005082893371582031,3.8724322497844694,0.1128636809065938,0.025910855317488313,99.6490478515625,0.024942126101814212,99.64828491210938,0.024809869169257582,99.65438842773438,0.024815743160434067,99.65972900390625,0.012385085714049638,99.70474243164062,0.2698049545288086,5100,4610,5100
6.000000000000001e-05,6.000000000000001e-05,0.005011177062988282,4.628280568122864,0.18443584740161895,0.04269570461474359,97.43212127685547,0.03867177241481841,97.41413116455078,0.0399308021645993,97.3781509399414,0.0387248108163476,97.29945373535156,0.024412761768326165,96.5349349975586,0.2699216604232788,5200,4610,5200
6.000000000000001e-05,6.000000000000001e-05,0.005137872695922851,3.9017045944929123,0.139825252443552,0.03174803494475782,99.18597412109375,0.031036263424903156,99.21705627441406,0.03125450797379017,99.22396850585938,0.0316789127420634,99.2331771850586,0.014107534568756819,99.25275421142578,0.2723156213760376,5300,4610,5300
6.000000000000001e-05,6.000000000000001e-05,0.0051863670349121095,3.579048055410385,0.14240245670080184,0.031732462858781216,99.178955078125,0.03182060150429607,99.1973876953125,0.03220029338262975,99.18733215332031,0.03212963240221143,99.19403839111328,0.014519469533115625,99.12952423095703,0.269884729385376,5400,4610,5400
6.000000000000001e-05,6.000000000000001e-05,0.0049666881561279295,5.339269941672683,0.136068276129663,0.03245035635773093,99.78256225585938,0.029099275336193386,99.76119995117188,0.02965037545218365,99.75967407226562,0.029984662617789582,99.75814819335938,0.014883608120726421,99.6856689453125,0.27145910263061523,5500,4610,5500
6.000000000000001e-05,6.000000000000001e-05,0.004988265037536621,4.47002660036087,0.19771299436688422,0.04803139586001635,99.35194396972656,0.04603785397484898,99.34982299804688,0.043410164583474395,99.34558868408203,0.04223990514874458,99.34135437011719,0.017993676383048295,99.24922180175781,0.2712985992431641,5600,4610,5600
6.000000000000001e-05,6.000000000000001e-05,0.0050681114196777345,1.09753398001194,0.0683784943073988,0.015595492720603944,99.00360107421875,0.014868220826610924,98.96621704101562,0.014787666220217942,98.97003173828125,0.01477798973210156,98.980712890625,0.008349124598316849,99.03335571289062,0.27064971923828124,5700,4610,5700
6.000000000000001e-05,6.000000000000001e-05,0.005183959007263183,3.4869703128933907,0.11924609150737524,0.0274679945781827,99.0753173828125,0.027099117683246732,99.12185668945312,0.027106476342305542,99.14016723632812,0.027044128347188234,99.14932250976562,0.010528371925465763,98.78768920898438,0.27199649810791016,5800,4610,5800
6.000000000000001e-05,6.000000000000001e-05,0.005284500122070312,0.44299269169569017,0.0443829033523798,0.009956396848428995,99.01191711425781,0.00949889401672408,98.98345184326172,0.009601993666728958,99.00717163085938,0.009573372604791075,99.01073455810547,0.005752245825715363,99.0012435913086,0.27220137119293214,5900,4610,5900
6.000000000000001e-05,6.000000000000001e-05,0.005086302757263184,1.8192224577069283,0.08448375910520553,0.018705011694692075,98.03765106201172,0.019067087583243846,98.01819610595703,0.019037154712714256,98.05224609375,0.01905855112709105,98.06684112548828,0.008615955710411072,97.79344940185547,0.27127373218536377,6000,4610,6000
6.000000000000001e-05,6.000000000000001e-05,0.005081295967102051,14.425096827745438,1.0775000603869558,0.19386602737940847,99.53980255126953,0.2824601914966479,99.53739929199219,0.2710474943043664,99.54460906982422,0.2561630574986339,99.54100036621094,0.07396330864867195,99.39080810546875,0.27297022342681887,6100,4610,6100
6.000000000000001e-05,6.000000000000001e-05,0.00498349666595459,3.6070872396230698,0.19044359046965836,0.06975162578746677,76.702880859375,0.02474162681028247,95.53604125976562,0.01716585773974657,98.39248657226562,0.016649717278778554,98.45809936523438,0.06213476145640016,56.011199951171875,0.27137434482574463,6200,4610,6200
6.000000000000001e-05,6.000000000000001e-05,0.00499258041381836,1.5920404613018035,0.1050898376852274,0.02274524320382625,98.30604553222656,0.02508133607916534,98.36275482177734,0.023770313477143645,98.3499526977539,0.02314371708780527,98.36275482177734,0.010349231329746545,98.64263916015625,0.2704837083816528,6300,4610,6300
6.000000000000001e-05,6.000000000000001e-05,0.005079317092895508,2.1146412223577498,0.09956085681915283,0.02182180336676538,99.63531494140625,0.022494608582928777,99.66049194335938,0.022240186901763083,99.658203125,0.02230643997900188,99.66354370117188,0.010697815753519534,99.50103759765625,0.2728338479995728,6400,4610,6400
6.000000000000001e-05,6.000000000000001e-05,0.005079150199890137,5.252818641066551,0.16627175211906434,0.03303594626486302,99.5208740234375,0.03587860940024257,99.52774047851562,0.039149191323667766,99.5269775390625,0.03729577222838998,99.52926635742188,0.020912231784313916,99.47052001953125,0.2710274219512939,6500,4610,6500
6.000000000000001e-05,6.000000000000001e-05,0.005182218551635742,0.9566920638084412,0.07052670698612928,0.015656572533771396,99.29351806640625,0.01546430573798716,99.32708740234375,0.015500183217227459,99.3194580078125,0.015324228117242456,99.334716796875,0.0085814175195992,99.13406372070312,0.2742286682128906,6600,4610,6600
6.000000000000001e-05,6.000000000000001e-05,0.005279994010925293,1.7445337146520614,0.08851232337765395,0.019529215537477284,99.92005920410156,0.020490465860348195,99.93802642822266,0.0200789745664224,99.9577865600586,0.02019180383067578,99.95598602294922,0.008221861289348454,99.87245178222656,0.27200372219085694,6700,4610,6700
6.000000000000001e-05,6.000000000000001e-05,0.005073380470275879,3.8569215655326845,0.13915562704205514,0.03131756093353033,99.13787841796875,0.03041163329035044,99.1973876953125,0.030742555670440198,99.18441772460938,0.030352329183369876,99.1912841796875,0.016331545310094953,98.97384643554688,0.271925163269043,6800,4610,6800
6.000000000000001e-05,6.000000000000001e-05,0.005089163780212402,1.566934847831726,0.09472081847488881,0.021459781005978583,99.29122924804688,0.02108949366956949,99.30496215820312,0.020992043986916543,99.310302734375,0.021077487152069807,99.31564331054688,0.010102015594020486,98.9654541015625,0.2717121601104736,6900,4610,6900
6.000000000000001e-05,6.000000000000001e-05,0.005281972885131836,6.275907709635794,0.1229975965572521,0.025319503113860265,99.11746978759766,0.02945827645872896,99.09773254394531,0.028622697157697986,99.1163101196289,0.029440919792614297,99.11283111572266,0.010156201478093863,98.73426818847656,0.2704044580459595,7000,4610,7000
6.000000000000001e-05,6.000000000000001e-05,0.00508732795715332,3.016431912779808,0.1419663095846772,0.0325111472979188,99.775390625,0.032033473066985604,99.736328125,0.0317742008715868,99.7392578125,0.0320043021813035,99.7431640625,0.013643188611604273,99.21875,0.271362829208374,7100,4610,7100
6.000000000000001e-05,6.000000000000001e-05,0.005089449882507324,1.758808583021164,0.08979736715555191,0.02009798651561141,99.38150024414062,0.01977117620408535,99.32376098632812,0.019888296723365784,99.31238555908203,0.0196451417170465,99.31676483154297,0.010394766228273511,99.0167007446289,0.26983067989349363,7200,4610,7200
6.000000000000001e-05,6.000000000000001e-05,0.005083012580871582,0.7268432393670082,0.05301281353458762,0.012129873142112047,98.98681640625,0.011727919965051115,99.05548095703125,0.01177135695470497,99.02725219726562,0.011680417048046366,99.0509033203125,0.005703246942721308,98.86474609375,0.2707765340805054,7300,4610,7300
6.000000000000001e-05,6.000000000000001e-05,0.005193853378295898,10.807855468988418,0.1592992890626192,0.03295215778052807,99.8931884765625,0.0364863621070981,99.88861083984375,0.037755314540117976,99.87945556640625,0.03649046923965216,99.8809814453125,0.015614983439445496,99.89166259765625,0.2704341888427734,7400,4610,7400
6.000000000000001e-05,6.000000000000001e-05,0.004982256889343261,1.4717728205025196,0.083940913900733,0.01889183504972607,99.07188415527344,0.018589897663332522,99.06749725341797,0.01851605756673962,99.0762710571289,0.018546831351704894,99.07298278808594,0.0093962894519791,98.94572448730469,0.2716618537902832,7500,4610,7500
6.000000000000001e-05,6.000000000000001e-05,0.0051813840866088865,1.300540003180504,0.07140267379581929,0.01528964270837605,98.04853820800781,0.015961408149451017,98.05347442626953,0.015861560124903917,98.06334686279297,0.01621685125865042,98.05347442626953,0.008073211531154811,97.95570373535156,0.26979794502258303,7600,4610,7600
6.000000000000001e-05,6.000000000000001e-05,0.005185055732727051,1.6107350587844849,0.07715754983946681,0.017634584801271558,99.163818359375,0.016874372866004704,99.15618896484375,0.016933734202757476,99.14627075195312,0.01696571980137378,99.15084838867188,0.008749138831626624,99.09896850585938,0.27079761028289795,7700,4610,7700
6.000000000000001e-05,6.000000000000001e-05,0.005083394050598144,1.9225761771202088,0.07086808979511261,0.015991155989468098,99.58038330078125,0.015824170690029858,99.59869384765625,0.015434909611940384,99.60098266601562,0.015401319833472371,99.60403442382812,0.008216534182429314,99.48501586914062,0.2722764253616333,7800,4610,7800
6.000000000000001e-05,6.000000000000001e-05,0.005179905891418457,2.101729114353657,0.07430244386196136,0.016832373477518557,98.53938293457031,0.01630912711843848,98.5036392211914,0.01620644419454038,98.52275848388672,0.016256540175527336,98.51693725585938,0.00869795959442854,98.32490539550781,0.270692253112793,7900,4610,7900
6.000000000000001e-05,6.000000000000001e-05,0.005483937263488769,2.721450777351856,0.12341670840978622,0.029375927289947867,99.40719604492188,0.02582956966944039,99.38812255859375,0.025476413266733288,99.38507080078125,0.025464933505281805,99.37286376953125,0.017269862140528856,99.43161010742188,0.27075681686401365,8000,4610,8000
6.000000000000001e-05,6.000000000000001e-05,0.005182814598083496,1.8308075398206711,0.08115869332104922,0.0182196790818125,99.3321533203125,0.0181536843534559,99.3287124633789,0.01815264285542071,99.33100128173828,0.018094784719869493,99.3355941772461,0.008537902683019637,99.25067901611328,0.27015678882598876,8100,4610,8100
6.000000000000001e-05,6.000000000000001e-05,0.005083298683166504,15.27644479572773,0.24578871987760068,0.049278078018687665,99.11117553710938,0.05618795258924365,99.13406372070312,0.054385242122225466,99.114990234375,0.05689207748509943,99.12567138671875,0.029045376274734736,98.94256591796875,0.2701359748840332,8200,4610,8200
6.000000000000001e-05,6.000000000000001e-05,0.005218076705932617,1.878992247581482,0.07019008751958608,0.015055521274916828,98.5933609008789,0.015754289482720195,98.5551528930664,0.01565786888822913,98.55992889404297,0.015563230914995074,98.56709289550781,0.008159175037872047,98.40708923339844,0.2717521905899048,8300,4610,8300
6.000000000000001e-05,6.000000000000001e-05,0.005274200439453125,1.0768993690609932,0.06178679317235947,0.013789546769112348,99.41482543945312,0.013491974072530865,99.44000244140625,0.013577235909178854,99.444580078125,0.0136169163743034,99.4415283203125,0.007311122119426727,99.43084716796875,0.27274508476257325,8400,4610,8400
6.000000000000001e-05,6.000000000000001e-05,0.005190849304199219,1.7694939501583575,0.0702376103028655,0.015806999034248294,99.57427978515625,0.015436615678481758,99.57427978515625,0.0154560468159616,99.56588745117188,0.015365686686709523,99.57275390625,0.008172261365689337,98.98834228515625,0.27140934467315675,8500,4610,8500
6.000000000000001e-05,6.000000000000001e-05,0.005275893211364746,1.1521382302045822,0.07363185994327068,0.016808197693899275,99.23883056640625,0.015773537871427833,99.26338195800781,0.015750848758034407,99.25273895263672,0.015691283694468438,99.25765228271484,0.009607991040684282,99.08332061767578,0.27133080959320066,8600,4610,8600
6.000000000000001e-05,6.000000000000001e-05,0.005174064636230468,3.5946698315441608,0.07516475562006235,0.01676837061531842,99.8710708618164,0.016715987445786597,99.87225341796875,0.016737109422683714,99.87580108642578,0.016363213513977827,99.8734359741211,0.008580075739882887,99.48192596435547,0.27219562530517577,8700,4610,8700
6.000000000000001e-05,6.000000000000001e-05,0.005085444450378418,1.0486223921179771,0.04885517219081521,0.010523377428762614,98.77848052978516,0.010956644639372825,98.72522735595703,0.01100170616991818,98.70586395263672,0.010957276541739702,98.71554565429688,0.0054161665495485066,98.37830352783203,0.27270779609680174,8800,4610,8800
6.000000000000001e-05,6.000000000000001e-05,0.0052853584289550785,25.697585782408716,0.1732530765235424,0.040380092523992064,99.18670654296875,0.04299559181090444,99.17526245117188,0.0368850049097091,99.16534423828125,0.03871124223805964,99.17526245117188,0.014281142642721534,99.1485595703125,0.27172977924346925,8900,4610,8900
6.000000000000001e-05,6.000000000000001e-05,0.005081939697265625,3.037559524178505,0.07551325708627701,0.018142795166932048,99.75820922851562,0.016258605639450252,99.76741790771484,0.016089215665124355,99.76051330566406,0.016178446379490195,99.7628173828125,0.008844194631092251,99.51757049560547,0.2738618850708008,9000,4610,9000
6.000000000000001e-05,6.000000000000001e-05,0.005293560028076172,2.2429321512579916,0.08799235667102039,0.019542101433034986,99.63422393798828,0.01996370377164567,99.66754913330078,0.019811729682260193,99.66056823730469,0.01992506423557643,99.66056823730469,0.008749758632620796,99.59625244140625,0.2724423885345459,9100,4610,9100
6.000000000000001e-05,6.000000000000001e-05,0.005289912223815918,0.6418669320642948,0.04814839547034353,0.010474400861130561,99.08905029296875,0.010795511695323511,99.10354614257812,0.010685030621243641,99.102783203125,0.010757153306622058,99.09820556640625,0.005436299159191549,99.04251098632812,0.271443772315979,9200,4610,9200
6.000000000000001e-05,6.000000000000001e-05,0.005097532272338867,0.7937408864498139,0.052700368128716944,0.011660935217514634,99.1689453125,0.01144809667021036,99.1679458618164,0.011466811108402909,99.17398071289062,0.011445823428221046,99.16995239257812,0.006678702798672021,99.07638549804688,0.27084670066833494,9300,4610,9300
6.000000000000001e-05,6.000000000000001e-05,0.005178499221801758,1.0644458770751952,0.06113886944949627,0.013520948588848114,99.24535369873047,0.013417635764926671,99.25265502929688,0.013496775319799781,99.24327087402344,0.01342659667134285,99.2516098022461,0.007276914804242552,98.90660095214844,0.2710785627365112,9400,4610,9400
6.000000000000001e-05,6.000000000000001e-05,0.005374646186828614,2.3041464403271674,0.07038028538227081,0.015384898846969008,99.81829071044922,0.015469791041687131,99.80940246582031,0.015507064573466778,99.8133544921875,0.015459345839917659,99.81829071044922,0.008559186686761677,99.82322692871094,0.27083673477172854,9500,4610,9500
6.000000000000001e-05,6.000000000000001e-05,0.005187487602233887,1.5493451476097106,0.06809652186930179,0.015409251628443598,98.20022583007812,0.015244903275743127,98.22998046875,0.01509844521060586,98.23837280273438,0.015138292452320457,98.23455810546875,0.007205628603696823,98.12545776367188,0.27128188610076903,9600,4610,9600
6.000000000000001e-05,6.000000000000001e-05,0.004988527297973633,2.6978205267339943,0.08962309416383504,0.02058071063365787,98.75869750976562,0.019235651282360777,98.75411987304688,0.01890988415107131,98.79531860351562,0.018203992949565873,98.83575439453125,0.012692851858446375,97.93701171875,0.27303786277770997,9700,4610,9700
6.000000000000001e-05,6.000000000000001e-05,0.005087113380432129,0.5337535344064236,0.047050477005541325,0.010502489330247045,99.40412902832031,0.01042095107914065,99.40412902832031,0.010425516495160991,99.40974426269531,0.010460700482508401,99.41536712646484,0.005240821256302297,99.04434967041016,0.27175400257110593,9800,4610,9800
6.000000000000001e-05,6.000000000000001e-05,0.0049676656723022464,1.1599122136831284,0.05642432402819395,0.012566082528792322,99.45621490478516,0.012295956956222653,99.44393157958984,0.012355203996412456,99.43053436279297,0.012332031596451997,99.44169616699219,0.006875050440430641,99.340087890625,0.2708707571029663,9900,4610,9900
6.000000000000001e-05,6.000000000000001e-05,0.0050858259201049805,1.0900979690253734,0.05656343915034086,0.01247688681469299,98.99063110351562,0.0124771031475575,99.04861450195312,0.012430805766780396,99.03640747070312,0.012379762849013787,99.03564453125,0.0067988799419254065,98.86932373046875,0.27020993232727053,10000,4610,10000
6.000000000000001e-05,6.000000000000001e-05,0.005196571350097656,1.023352862894535,0.05146328881382942,0.011400473513640463,99.1521987915039,0.011284320568665861,99.12818145751953,0.011247544758953154,99.14212799072266,0.011200234643183649,99.14445495605469,0.006330715422518551,98.75232696533203,0.27096171379089357,10100,4610,10100
6.000000000000001e-05,6.000000000000001e-05,0.0053905010223388675,0.8668127502314746,0.050918202818138525,0.011540042889828328,99.2698745727539,0.011371827069342543,99.2645034790039,0.011422962885626475,99.26898193359375,0.011412811651825904,99.27613830566406,0.005170558112149592,99.2215576171875,0.26991212368011475,10200,4610,10200
6.000000000000001e-05,6.000000000000001e-05,0.005284619331359863,1.6918222159147263,0.061973001388832924,0.014254476292990148,99.08523559570312,0.012495308102370473,99.12033081054688,0.012600959208793939,99.090576171875,0.01243823783879634,99.10125732421875,0.010184019326698036,98.94866943359375,0.27162148952484133,10300,4610,10300
6.000000000000001e-05,6.000000000000001e-05,0.005185055732727051,1.0848049286752939,0.057915965537540616,0.012925902451388537,98.99063110351562,0.012858240696368739,99.0203857421875,0.012869658705312759,99.0142822265625,0.012914121890207752,99.01657104492188,0.006348043034086004,99.19281005859375,0.27168774604797363,10400,4610,10400
6.000000000000001e-05,6.000000000000001e-05,0.0051605463027954105,1.535257802158594,0.07219919664785265,0.015885546000208705,99.87945556640625,0.015839837887324393,99.86953735351562,0.015747984719928353,99.87030029296875,0.015734369645360857,99.871826171875,0.008991457032971084,99.786376953125,0.27161009311676027,10500,4610,10500
6.000000000000001e-05,6.000000000000001e-05,0.005385541915893554,0.9705618306994438,0.0692030755802989,0.01557672219350934,99.60664367675781,0.015523134125396609,99.5820541381836,0.015451336745172739,99.5820541381836,0.01535368743352592,99.59142303466797,0.007298195757903159,99.46966552734375,0.27303779125213623,10600,4610,10600
6.000000000000001e-05,6.000000000000001e-05,0.005286908149719239,12.256955170631409,0.18449814431369305,0.0342393409460783,99.55341339111328,0.013714224379509688,99.56548309326172,0.01510870479978621,99.56658172607422,0.04526849661488086,99.56438446044922,0.07616738833021372,99.35700225830078,0.27088179588317873,10700,4610,10700
6.000000000000001e-05,6.000000000000001e-05,0.005290365219116211,0.8087815970182419,0.05653916988521814,0.012692980654537677,98.73831176757812,0.012104364344850183,98.822021484375,0.012137691862881184,98.7553939819336,0.012240036996081472,98.7442855834961,0.007364096399396658,98.429931640625,0.2699747562408447,10800,4610,10800
6.000000000000001e-05,6.000000000000001e-05,0.0052771329879760746,0.5399529375135899,0.04276671232655645,0.009266278031282127,99.49246978759766,0.009443577216006815,99.47425079345703,0.009494868363253773,99.4508285522461,0.009416330966632813,99.47078704833984,0.005145657260436564,99.38055419921875,0.27228879928588867,10900,4610,10900
6.000000000000001e-05,6.000000000000001e-05,0.005147290229797363,3.1787457667291164,0.127252815105021,0.024545259680598973,99.69390869140625,0.015804572962224483,99.7115707397461,0.01593092568218708,99.71549224853516,0.015651699039153755,99.7076416015625,0.055320354737341405,98.4616928100586,0.2705127477645874,11000,4610,11000
6.000000000000001e-05,6.000000000000001e-05,0.005185675621032715,0.8308044210076332,0.06562603735364973,0.014125621505081653,99.93820190429688,0.014822393795475364,99.93209838867188,0.01491914379876107,99.93209838867188,0.014617946813814342,99.93209838867188,0.007140930730383843,99.90921020507812,0.2733152866363525,11100,4610,11100
6.000000000000001e-05,6.000000000000001e-05,0.005111241340637207,0.7340675480663776,0.054641575226560234,0.011967347713652998,99.51242065429688,0.01197662043850869,99.49540710449219,0.012042359740007669,99.50135803222656,0.012112472427543253,99.49455261230469,0.006542775838170201,99.5396499633789,0.2710677146911621,11200,4610,11200
6.000000000000001e-05,6.000000000000001e-05,0.004990243911743164,0.8755492851138115,0.05101357940584421,0.011146263591945172,99.61395263671875,0.01118180975317955,99.55673217773438,0.011220108158886433,99.54833984375,0.011226494424045086,99.55368041992188,0.006238904665224254,99.36904907226562,0.27376952171325686,11300,4610,11300
6.000000000000001e-05,6.000000000000001e-05,0.005040740966796875,0.6072166040539742,0.04867890635505319,0.010960241057910025,99.31822967529297,0.01067221169359982,99.32706451416016,0.010663652885705232,99.32706451416016,0.010652442113496363,99.33369445800781,0.005730359675362706,99.35469055175781,0.2712678909301758,11400,4610,11400
6.000000000000001e-05,6.000000000000001e-05,0.005083441734313965,0.6181280419230462,0.04717340618371964,0.010549870878458023,99.5058822631836,0.010164610110223293,99.5058822631836,0.010161218419671058,99.5058822631836,0.010105915600433946,99.49864196777344,0.006191791873425246,98.99909210205078,0.2712236881256104,11500,4610,11500
6.000000000000001e-05,6.000000000000001e-05,0.0051861763000488285,0.5385080188512802,0.04031937317922711,0.008878278569318354,99.76348876953125,0.008613413805142045,99.76730346679688,0.00871138519141823,99.73907470703125,0.008702122117392718,99.69482421875,0.005414174264296889,99.70474243164062,0.27218582630157473,11600,4610,11600
6.000000000000001e-05,6.000000000000001e-05,0.00528414249420166,2.9031365986913444,0.08053983501158654,0.018249457026831804,98.9513168334961,0.01720214100787416,98.933349609375,0.017374754580669106,98.94478607177734,0.01881527651567012,99.01502227783203,0.008898206951562316,98.91374969482422,0.2717674732208252,11700,4610,11700
6.000000000000001e-05,6.000000000000001e-05,0.005378293991088867,0.5702640555799008,0.03848561132326722,0.008335716766305267,99.3560791015625,0.00857327957637608,99.29962158203125,0.008641184703446925,99.30953979492188,0.008489762456156314,99.31716918945312,0.004445669008418918,99.50408935546875,0.271935772895813,11800,4610,11800
6.000000000000001e-05,6.000000000000001e-05,0.005089616775512696,0.6952967658638954,0.04851319957524538,0.010312110674567521,99.72297668457031,0.010902651585638523,99.7176513671875,0.01087011252529919,99.73096466064453,0.010713489295449108,99.7203140258789,0.005714835377875716,99.64306640625,0.2729367733001709,11900,4610,11900
6.000000000000001e-05,6.000000000000001e-05,0.005389857292175293,1.2869904413819313,0.048062527924776076,0.010460021905601025,99.79248046875,0.01061230804771185,99.78179931640625,0.010649100109003485,99.77874755859375,0.010603205161169171,99.78713989257812,0.005737893050536513,99.68109130859375,0.27324044704437256,12000,4610,12000
6.000000000000001e-05,6.000000000000001e-05,0.005539655685424805,2.3693701952695845,0.16613420248031616,0.04440815537236631,99.4538345336914,0.026879223948344588,99.4843978881836,0.025126188760623336,99.48236083984375,0.026425974164158105,99.48847961425781,0.04329465483315289,99.05643463134766,0.271180248260498,12100,4610,12100
6.000000000000001e-05,6.000000000000001e-05,0.005441880226135254,2.3222068667411806,0.0795315446332097,0.01972128627821803,98.99093627929688,0.01672029625624418,98.9894790649414,0.016343109821900726,98.99676513671875,0.01660941382870078,98.98072814941406,0.010137440054677427,98.82032775878906,0.2738044738769531,12200,4610,12200
6.000000000000001e-05,6.000000000000001e-05,0.005384397506713867,1.3179478377103806,0.0592369569465518,0.012902729120105505,99.43348693847656,0.012963743973523378,99.38916778564453,0.012979484722018242,99.40234375,0.01304679955355823,99.39875030517578,0.007344200322404504,99.40713500976562,0.27567377090454104,12300,4610,12300
6.000000000000001e-05,6.000000000000001e-05,0.005090522766113281,1.132667925953865,0.04899263111874461,0.010468617104925216,98.96089172363281,0.011025316826999188,98.99819946289062,0.010890885186381639,98.98831939697266,0.010904039768502117,98.99819946289062,0.005703771219123155,98.7096176147461,0.27076382637023927,12400,4610,12400
6.000000000000001e-05,6.000000000000001e-05,0.0051952838897705075,0.6060074716806412,0.04556748969480395,0.009702324168756604,99.639404296875,0.009837246756069363,99.64020538330078,0.009868218400515615,99.63460540771484,0.009868877450935542,99.639404296875,0.006290823803283274,99.44111633300781,0.27286672592163086,12500,4610,12500
6.000000000000001e-05,6.000000000000001e-05,0.00509192943572998,4.077757377922535,0.08514292845502495,0.019255990348756313,99.43244171142578,0.01887992937117815,99.45256805419922,0.018934580986388026,99.45793151855469,0.018658184632658958,99.45524597167969,0.00941424579359591,99.0111312866211,0.2728042840957642,12600,4610,12600
6.000000000000001e-05,6.000000000000001e-05,0.005356049537658692,0.7184355586767197,0.034726685285568236,0.007500486681237817,99.3755874633789,0.007614612462930381,99.39251708984375,0.007647541142068804,99.40943908691406,0.0076499732444062826,99.40662384033203,0.0043140716385096315,99.3370361328125,0.272554874420166,12700,4610,12700
6.000000000000001e-05,6.000000000000001e-05,0.005191993713378906,0.2550759710371494,0.02960791261866689,0.006286978186108172,99.54833984375,0.006351872114464641,99.54452514648438,0.006370779790449888,99.54833984375,0.0063403673004359005,99.54605102539062,0.004257915145717561,99.54986572265625,0.2750385761260986,12800,4610,12800
6.000000000000001e-05,6.000000000000001e-05,0.005287051200866699,0.47147298902273177,0.038889590092003344,0.00870866165496409,99.41177368164062,0.008569400804117323,99.44305419921875,0.008578010904602706,99.4384765625,0.008523504855111242,99.44229125976562,0.004510011035017669,99.34234619140625,0.27363922595977785,12900,4610,12900
6.000000000000001e-05,6.000000000000001e-05,0.005094790458679199,0.6202041506767273,0.04133342243731022,0.009141144715249539,99.86724853515625,0.008914730022661388,99.8870849609375,0.008915446093305945,99.89395141601562,0.008905390091240407,99.88555908203125,0.005456710793077945,99.7314453125,0.2729327201843262,13000,4610,13000
6.000000000000001e-05,6.000000000000001e-05,0.004985380172729492,0.6213099539279938,0.03992837057448924,0.00879746071586851,100.0,0.008759812953940127,100.0,0.00870683241300867,100.0,0.008644566974180635,100.0,0.005019696871750056,100.0,0.2717370748519897,13100,4610,13100
6.000000000000001e-05,6.000000000000001e-05,0.005170369148254394,6.688744536042213,0.06748388633131981,0.015078509273007513,99.33395385742188,0.0152311768848449,99.34768676757812,0.01486925925128162,99.35302734375,0.015015245508402586,99.35379028320312,0.007289696263615042,99.4110107421875,0.2758985757827759,13200,4610,13200
6.000000000000001e-05,6.000000000000001e-05,0.005237936973571777,0.9549348253756762,0.05315028172917664,0.011445796687621624,99.86953735351562,0.01184617702383548,99.88861083984375,0.011924104834906756,99.88479614257812,0.011910904932301491,99.88479614257812,0.00602329863468185,99.86114501953125,0.27230095863342285,13300,4610,13300
6.000000000000001e-05,6.000000000000001e-05,0.005251550674438476,0.9630691304802894,0.04281159583479166,0.009210446756333113,99.8748779296875,0.009559851279482246,99.8870849609375,0.009622018644586205,99.88174438476562,0.009608297236263752,99.88479614257812,0.004810980125330389,99.84130859375,0.2717764854431152,13400,4610,13400
6.000000000000001e-05,6.000000000000001e-05,0.005187177658081054,2.0526961237192154,0.05325318221002817,0.011413167510181666,98.25286865234375,0.011498939734883607,98.22616577148438,0.011433477979153395,98.23837280273438,0.011474539199844003,98.22616577148438,0.007433058088645339,97.65701293945312,0.2707796096801758,13500,4610,13500
6.000000000000001e-05,6.000000000000001e-05,0.005292510986328125,0.6784601226449013,0.04560538688674569,0.00976740529295057,99.59259033203125,0.009884298546239734,99.58038330078125,0.009874107968062162,99.58038330078125,0.009910931158810855,99.57351684570312,0.006168644520221278,99.53079223632812,0.2704235792160034,13600,4610,13600
6.000000000000001e-05,6.000000000000001e-05,0.005485105514526367,0.6075646296143532,0.049440467916429046,0.010868629673495889,99.3620376586914,0.01073266314342618,99.37295532226562,0.010675081098452211,99.36688995361328,0.010735893528908491,99.3620376586914,0.006428200379014015,99.14978790283203,0.27149555683135984,13700,4610,13700
6.000000000000001e-05,6.000000000000001e-05,0.0051861763000488285,0.8895725451409817,0.04732986846938729,0.010094870440661907,99.94548797607422,0.010335047845728695,99.94152069091797,0.01056012543849647,99.88005828857422,0.010393164167180658,99.91475677490234,0.005946660437621177,99.90979766845703,0.2709996700286865,13800,4610,13800
6.000000000000001e-05,6.000000000000001e-05,0.005279731750488281,2.5965305283665656,0.10483413906767965,0.022676011407747866,98.40483856201172,0.024273287365213038,98.41333770751953,0.023962570261210202,98.40164947509766,0.02366647927556187,98.42290496826172,0.010255789360962808,98.22842407226562,0.271905255317688,13900,4610,13900
6.000000000000001e-05,6.000000000000001e-05,0.005384111404418945,0.44454374462366103,0.03779759779572487,0.008139275084249675,99.44686889648438,0.00825823051854968,99.44381713867188,0.008314147894270717,99.44686889648438,0.008305408945307135,99.45144653320312,0.004780535178724676,99.4537353515625,0.2725942373275757,14000,4610,14000
6.000000000000001e-05,6.000000000000001e-05,0.005181598663330078,0.7058837816119194,0.04309510104358196,0.009174901386722922,98.9410400390625,0.009113583608996122,98.944091796875,0.009112966258544474,98.93798828125,0.009091649495530874,98.944091796875,0.006601999036502093,98.84109497070312,0.2707634210586548,14100,4610,14100
6.000000000000001e-05,6.000000000000001e-05,0.005129671096801758,0.3828274480998516,0.0349851293489337,0.0074040140840224925,99.90170288085938,0.007603755430318415,99.8104248046875,0.007615823799278587,99.81744384765625,0.007593204965814948,99.82183074951172,0.00476833030115813,99.65419006347656,0.2719629526138306,14200,4610,14200
6.000000000000001e-05,6.000000000000001e-05,0.005384922027587891,1.022076001763344,0.050058250222355126,0.010850275808479637,99.5431137084961,0.011069742450490593,99.52538299560547,0.011091336107347161,99.52457427978516,0.011186082300264388,99.52941131591797,0.00586081383517012,99.33440399169922,0.2722588062286377,14300,4610,14300
6.000000000000001e-05,6.000000000000001e-05,0.0051870584487915036,1.1091442808508873,0.06082857870496809,0.012930803268682211,98.287841796875,0.01348122459021397,98.2416000366211,0.01349474629969336,98.26229095458984,0.013573427486699074,98.23308563232422,0.007348380202893167,98.34990692138672,0.2718236207962036,14400,4610,14400
6.000000000000001e-05,6.000000000000001e-05,0.005326557159423828,20.854109430266544,0.23690295344858897,0.04825057044090499,99.11038208007812,0.05731904756198673,99.05436706542969,0.05776945818663535,99.06893157958984,0.05646990937489136,99.05772399902344,0.017093980806384933,99.23027038574219,0.27289955615997313,14500,4610,14500
6.000000000000001e-05,6.000000000000001e-05,0.005285072326660156,0.8644162684679031,0.04919606801122427,0.011028577061370014,99.810791015625,0.010895459027960897,99.83596801757812,0.010841214563697577,99.835205078125,0.01081296605989337,99.835205078125,0.005617852148134261,99.70703125,0.272922420501709,14600,4610,14600
6.000000000000001e-05,6.000000000000001e-05,0.005370664596557617,0.868373093008995,0.06832225117832422,0.015197354601696134,99.09537506103516,0.014758266508579254,99.15763854980469,0.014813555590808391,99.15763854980469,0.014765285421162844,99.15946960449219,0.008787788054905831,98.73462677001953,0.272076678276062,14700,4610,14700
6.000000000000001e-05,6.000000000000001e-05,0.0050858259201049805,0.415791779756546,0.04112236415967345,0.008985878410749137,99.63912963867188,0.008836027467623353,99.64370727539062,0.008872333134058863,99.639892578125,0.008828964992426335,99.64599609375,0.005599159793928265,99.53842163085938,0.27150280475616456,14800,4610,14800
6.000000000000001e-05,6.000000000000001e-05,0.005186700820922851,1.2481157153844833,0.05435137804597616,0.012182082142680883,99.37667846679688,0.012051471276208758,99.38507080078125,0.012036663573235273,99.38125610351562,0.012096001440659166,99.37820434570312,0.005985160055570304,99.42169189453125,0.2722484111785889,14900,4610,14900
6.000000000000001e-05,6.000000000000001e-05,0.005197858810424805,0.5009429737925529,0.035609713988378644,0.007748260849621147,99.85826873779297,0.00782925218809396,99.82543182373047,0.007748597243335098,99.83320617675781,0.007773733441717922,99.8245620727539,0.0045098707312718036,99.77357482910156,0.2729222536087036,15000,4610,15000
6.000000000000001e-05,6.000000000000001e-05,0.005061721801757813,0.49954121112823485,0.03764461232349277,0.008321428042836487,99.53765869140625,0.008226938592270017,99.52239990234375,0.008243013685569168,99.5147705078125,0.008245418593287469,99.51553344726562,0.004607811872847378,99.32479858398438,0.2705186367034912,15100,4610,15100
6.000000000000001e-05,6.000000000000001e-05,0.005385565757751465,0.4301135867834091,0.03445660509169102,0.0073553332593292,99.77874755859375,0.007682067574933171,99.7650146484375,0.007564682746306062,99.761962890625,0.0075022844597697255,99.76730346679688,0.004352237819693983,99.75433349609375,0.27197699546813964,15200,4610,15200
6.000000000000001e-05,6.000000000000001e-05,0.005181622505187988,3.8327332481741907,0.0854589318856597,0.019096844946034253,99.57369232177734,0.018694221810437738,99.56517791748047,0.019137374823912978,99.5592269897461,0.018771754298359155,99.56773376464844,0.009758736088406295,99.32096862792969,0.2720841407775879,15300,4610,15300
6.000000000000001e-05,6.000000000000001e-05,0.005083656311035157,0.7656622909940779,0.04559796863468364,0.010099706368055194,99.6640625,0.010193883655665559,99.70184326171875,0.010148307760573516,99.69571685791016,0.010170354464935371,99.70490264892578,0.00498571710777469,99.56399536132812,0.27161331176757814,15400,4610,15400
6.000000000000001e-05,6.000000000000001e-05,0.005385160446166992,0.8077638380229473,0.05066770389676094,0.011033283127471805,99.84379577636719,0.011001430172473192,99.83832550048828,0.011062853317707778,99.84066772460938,0.011101503390818834,99.83676147460938,0.006468634307384491,99.3041000366211,0.27170372009277344,15500,4610,15500
6.000000000000001e-05,6.000000000000001e-05,0.0050897359848022464,0.6123194441199302,0.04593559661880135,0.009941737609915435,99.71481323242188,0.00995255766902119,99.69830322265625,0.00998167002107948,99.70820617675781,0.009988946816883981,99.70710754394531,0.006070684362202883,99.4472427368164,0.27141590118408204,15600,4610,15600
6.000000000000001e-05,6.000000000000001e-05,0.005098295211791992,6.657766003161669,0.30198665978386996,0.060198305419180545,95.01277160644531,0.0725253596319817,95.0142822265625,0.0815019394387491,94.98707580566406,0.06497254683636129,94.99311828613281,0.022788531775586308,94.45343017578125,0.2733734130859375,15700,4610,15700
6.000000000000001e-05,6.000000000000001e-05,0.0051025390625,0.3401496510952711,0.03840064078103751,0.008225479915563483,99.86038208007812,0.008236712244615774,99.8321533203125,0.008236732633667998,99.8291015625,0.00820675495560863,99.82833862304688,0.005494961253134534,99.82147216796875,0.2711272001266479,15800,4610,15800
6.000000000000001e-05,6.000000000000001e-05,0.005086827278137207,0.5681931614875794,0.048072041803970934,0.01032564559718594,99.66812133789062,0.010709815309382975,99.66583251953125,0.010775850294157863,99.66812133789062,0.010716875013895334,99.66888427734375,0.005543855752330273,99.371337890625,0.2717276573181152,15900,4610,15900
6.000000000000001e-05,6.000000000000001e-05,0.005194544792175293,0.31395149007439616,0.026197291747666895,0.005601499869953841,99.95235443115234,0.005864408414345235,99.95548248291016,0.0058448531955946235,99.95548248291016,0.005876565387006849,99.95548248291016,0.003009965069941245,99.9078369140625,0.2713585376739502,16000,4610,16000
6.000000000000001e-05,6.000000000000001e-05,0.00518338680267334,0.9832394272089005,0.05410475824028253,0.011312876886222512,99.75814819335938,0.011761899013072253,99.76654052734375,0.011635555024258792,99.7650146484375,0.0115990674123168,99.76806640625,0.007795358932344243,99.64675903320312,0.2743971347808838,16100,4610,16100
6.000000000000001e-05,6.000000000000001e-05,0.005186915397644043,1.1408117964863778,0.059429236128926276,0.012597329192794859,98.54045867919922,0.013355729007162153,98.54580688476562,0.013356036017648875,98.54045867919922,0.013309049466624857,98.53511047363281,0.006811091606505215,98.22502899169922,0.2731936454772949,16200,4610,16200
6.000000000000001e-05,6.000000000000001e-05,0.005215263366699219,16.33749128431082,0.12979933843016625,0.02811950531322509,99.8992919921875,0.029224958387203515,99.89776611328125,0.02957502123899758,99.89776611328125,0.029088084818795323,99.89700317382812,0.013791771302931011,99.82986450195312,0.2717791318893433,16300,4610,16300
6.000000000000001e-05,6.000000000000001e-05,0.005282449722290039,0.4917247951030731,0.03938907478004694,0.008642900735139847,99.50981140136719,0.008353374386206269,99.51133728027344,0.008358466345816851,99.50750732421875,0.008370457030832768,99.51057434082031,0.005663876235485077,99.38343048095703,0.2739133358001709,16400,4610,16400
6.000000000000001e-05,6.000000000000001e-05,0.004989886283874511,0.787300942838192,0.03828220721334219,0.008464203169569372,99.6124267578125,0.00829126255121082,99.59640502929688,0.008278153836727142,99.59793090820312,0.00829359763301909,99.6002197265625,0.004954989301040769,99.49264526367188,0.27347097396850584,16500,4610,16500
6.000000000000001e-05,6.000000000000001e-05,0.005184388160705567,0.6943615779280663,0.0370278699323535,0.007891690591350198,99.62244415283203,0.007957734563387931,99.56698608398438,0.008005325659178197,99.56165313720703,0.007993545243516564,99.56165313720703,0.0051795733044855295,99.57018280029297,0.2730355501174927,16600,4610,16600
6.000000000000001e-05,6.000000000000001e-05,0.005577301979064942,0.4900223709642887,0.035770406411029396,0.007697190175531432,99.52361297607422,0.007836029602913186,99.52255249023438,0.007835819438332692,99.52361297607422,0.007797302142716944,99.52680969238281,0.004604065552121029,99.53531646728516,0.2711920976638794,16700,4610,16700
6.000000000000001e-05,6.000000000000001e-05,0.005188632011413574,0.7935755826532841,0.040486364252865316,0.008686242485418915,99.43008422851562,0.00866673409473151,99.36599731445312,0.00882812428753823,99.36981201171875,0.008718806505203246,99.36904907226562,0.005586456297896803,99.23629760742188,0.2728070020675659,16800,4610,16800
6.000000000000001e-05,6.000000000000001e-05,0.005280733108520508,0.3610777914524078,0.0334030769765377,0.007182501745410264,99.76882934570312,0.007179367425851524,99.72763061523438,0.007207347312942147,99.7222900390625,0.007217573281377554,99.72610473632812,0.004616286919917912,99.59564208984375,0.27196075916290285,16900,4610,16900
6.000000000000001e-05,6.000000000000001e-05,0.005378532409667969,0.4803131751716137,0.031508911540731786,0.006850700103677809,99.55474090576172,0.006858082092367113,99.52836608886719,0.006878683029208332,99.52413940429688,0.006854228442534804,99.53152465820312,0.004067217919509858,99.56951141357422,0.2719820737838745,17000,4610,17000
6.000000000000001e-05,6.000000000000001e-05,0.005178976058959961,1.5109137147665024,0.035559755237773064,0.007660878321621567,99.99847412109375,0.007623025320935994,99.99771118164062,0.007680695009185001,99.9969482421875,0.00763777187676169,99.99618530273438,0.004957384907174856,99.89471435546875,0.2709342956542969,17100,4610,17100
6.000000000000001e-05,6.000000000000001e-05,0.005184459686279297,1.4412890404462815,0.05664979163557291,0.012035525392275304,99.31869506835938,0.012736678728833795,99.285888671875,0.01270045853452757,99.29122924804688,0.012633830111008137,99.2889404296875,0.006543299905024469,99.2340087890625,0.27240872383117676,17200,4610,17200
6.000000000000001e-05,6.000000000000001e-05,0.005383610725402832,0.4545561671257019,0.039559419825673105,0.008491807710379362,99.49188232421875,0.008562817703932524,99.47967529296875,0.00851714527234435,99.47586059570312,0.008524587214924394,99.468994140625,0.005463061493355781,99.42245483398438,0.2720015525817871,17300,4610,17300
6.000000000000001e-05,6.000000000000001e-05,0.005089759826660156,0.49869760498404503,0.03217287857551128,0.006812491768505425,99.2322006225586,0.006880974507657811,99.21658325195312,0.006868245976511389,99.2079086303711,0.006890932028181851,99.21658325195312,0.004720234504202381,98.79755401611328,0.2747535467147827,17400,4610,17400
6.000000000000001e-05,6.000000000000001e-05,0.0050847530364990234,0.5170400530099869,0.03481600088998675,0.007888008817099034,99.37386322021484,0.007326040817133617,99.38929748535156,0.0073408996919170025,99.39904022216797,0.00733117017080076,99.39579010009766,0.004929882113356143,99.19438934326172,0.2716685771942139,17500,4610,17500
6.000000000000001e-05,6.000000000000001e-05,0.00547337532043457,10.017838749289513,0.06970238983631134,0.014050137903541326,99.30696105957031,0.013089318806305528,99.2825698852539,0.013168099615722895,99.27920532226562,0.013130757585167884,99.28424835205078,0.016264077345840632,99.41545867919922,0.2728234529495239,17600,4610,17600
6.000000000000001e-05,6.000000000000001e-05,0.005221176147460938,0.6613251328468323,0.04366242848336697,0.009494775533676147,99.273681640625,0.009562948439270257,99.26681518554688,0.009525577537715435,99.267578125,0.00955932172946632,99.26376342773438,0.005519805313088,99.10659790039062,0.2727820634841919,17700,4610,17700
6.000000000000001e-05,6.000000000000001e-05,0.005092740058898926,0.4315092131495476,0.03244334924966097,0.0068720811512321235,99.7296142578125,0.007012550905346871,99.7118148803711,0.007023863634094596,99.6990966796875,0.0070077413460239765,99.70418548583984,0.00452711246907711,99.53720092773438,0.27301504611968996,17800,4610,17800
6.000000000000001e-05,6.000000000000001e-05,0.00528864860534668,2.1096887961030006,0.043993587419390676,0.009349592053331435,99.61128997802734,0.009845097362995148,99.64368438720703,0.009456075937487185,99.63761138916016,0.009637133032083512,99.63963317871094,0.005705688451416791,99.2144775390625,0.26955106258392336,17900,4610,17900
6.000000000000001e-05,6.000000000000001e-05,0.005575799942016601,0.5883449926972389,0.029668789822608232,0.006383258826099336,99.48529815673828,0.00634782244451344,99.4923324584961,0.006362813129089773,99.48920440673828,0.006348340935073793,99.49154663085938,0.004226554627530276,99.37517547607422,0.2739018440246582,18000,4610,18000
6.000000000000001e-05,6.000000000000001e-05,0.005194354057312012,0.41781092882156373,0.03389084893278778,0.007329279941041022,99.97686767578125,0.007155827023962047,99.97026062011719,0.007205580780282617,99.97356414794922,0.007231275347294286,99.96530151367188,0.004968885696143843,99.36880493164062,0.2719354867935181,18100,4610,18100
6.000000000000001e-05,6.000000000000001e-05,0.005182242393493653,0.5419563189148903,0.036667218524962665,0.0079509312286973,99.61776733398438,0.008017288381233811,99.61318969726562,0.007997819827869535,99.61395263671875,0.00798434701282531,99.61166381835938,0.004716832074336708,99.51705932617188,0.2713649034500122,18200,4610,18200
6.000000000000001e-05,6.000000000000001e-05,0.00505826473236084,0.3614305883646011,0.02874012179672718,0.006133729941211641,99.74365234375,0.006146063026972115,99.73831176757812,0.0061475465074181555,99.74365234375,0.006155995070002973,99.73831176757812,0.004156787553802133,99.61013793945312,0.27286858558654786,18300,4610,18300
6.000000000000001e-05,6.000000000000001e-05,0.0049877166748046875,0.3998494610190392,0.036764421267434955,0.007958619337296113,99.64447021484375,0.007972233998589217,99.64981079101562,0.007938189356354996,99.64675903320312,0.007948921003844589,99.64752197265625,0.004946458537597209,99.58343505859375,0.2718942403793335,18400,4610,18400
6.000000000000001e-05,6.000000000000001e-05,0.004982614517211914,0.8696589261293411,0.05096712438389659,0.011119112814776599,99.6917724609375,0.010954212886281312,99.66659545898438,0.01096701859496534,99.66964721679688,0.010940490989014506,99.66888427734375,0.006986289098858833,99.56130981445312,0.2715203285217285,18500,4610,18500
6.000000000000001e-05,6.000000000000001e-05,0.005284881591796875,0.5224793210625649,0.04003874654881656,0.00854677223978797,99.47276306152344,0.008666471514152363,99.48550415039062,0.008651630929671228,99.4775390625,0.008684225289471215,99.4878921508789,0.005489645118359476,99.42896270751953,0.2714280366897583,18600,4610,18600
6.000000000000001e-05,6.000000000000001e-05,0.005386948585510254,0.6702062964439393,0.032838467974215746,0.006896876310929656,99.70355987548828,0.007095814344938845,99.67842102050781,0.00708164360257797,99.67737579345703,0.007096985640237108,99.67632293701172,0.004667148878797889,99.44063568115234,0.2723724365234375,18700,4610,18700
6.000000000000001e-05,6.000000000000001e-05,0.0051958560943603516,0.49356011003255845,0.03340348917990923,0.007250538002699614,99.74441528320312,0.00725996601395309,99.74822998046875,0.00729871925432235,99.74822998046875,0.007233379990793765,99.74746704101562,0.004360886150971055,99.72991943359375,0.272525429725647,18800,4610,18800
6.000000000000001e-05,6.000000000000001e-05,0.0051921367645263675,0.45477613285183904,0.03494456480257213,0.0075974274543114005,99.7919692993164,0.007638065086212009,99.7364273071289,0.0076181754120625556,99.73945617675781,0.007612112490460276,99.7364273071289,0.004478784918319434,99.46175384521484,0.2726050853729248,18900,4610,18900
6.000000000000001e-05,6.000000000000001e-05,0.005376076698303223,0.39252136200666427,0.033898187708109616,0.007270329422317446,99.2919921875,0.007420258363708854,99.29046630859375,0.0074045116314664485,99.29656982421875,0.007380431354977191,99.29351806640625,0.0044226560043171045,99.22943115234375,0.27113101482391355,19000,4610,19000
6.000000000000001e-05,6.000000000000001e-05,0.005291128158569336,0.46782021075487135,0.037998630292713644,0.00830967528745532,99.66577911376953,0.008178766653873026,99.66352081298828,0.008206568681634963,99.65900421142578,0.008192579704336822,99.66239166259766,0.005111040081828833,99.5969009399414,0.27282760143280027,19100,4610,19100
6.000000000000001e-05,6.000000000000001e-05,0.005383539199829102,0.2815714731812477,0.024688421096652747,0.00531528724823147,99.82833862304688,0.005281729181297124,99.82681274414062,0.0052937718341127035,99.822998046875,0.005271126539446414,99.82528686523438,0.0035265070153400304,99.859619140625,0.2717206239700317,19200,4610,19200
6.000000000000001e-05,6.000000000000001e-05,0.005188632011413574,0.5716629609465599,0.04087712680920959,0.008815278660040348,99.6446533203125,0.009143063885858282,99.6552734375,0.008883018349297344,99.64175415039062,0.008700369944563136,99.6427230834961,0.0053353967261500655,99.53746795654297,0.2731775283813477,19300,4610,19300
6.000000000000001e-05,6.000000000000001e-05,0.0052504301071166996,0.3998176380991936,0.03338063913397491,0.007046118250582367,99.72305297851562,0.007251820113742724,99.72152709960938,0.007267749530728907,99.72152709960938,0.007287808018736542,99.72305297851562,0.004527143680024892,99.6124267578125,0.2710947275161743,19400,4610,19400
6.000000000000001e-05,6.000000000000001e-05,0.005443477630615234,1.008771798014641,0.035466297436505555,0.0077969491016119715,99.43728637695312,0.007541889697313309,99.4211654663086,0.007539743860252202,99.41632843017578,0.007512772595509887,99.4211654663086,0.005074942961800844,99.16802215576172,0.2719563961029053,19500,4610,19500
6.000000000000001e-05,6.000000000000001e-05,0.005279850959777832,1.9553232593461871,0.04382881119381636,0.009272179061372298,99.62921142578125,0.009219521962222643,99.60174560546875,0.00916643620294053,99.60403442382812,0.009018015750916675,99.603271484375,0.007152656867401674,99.51171875,0.27210187911987305,19600,4610,19600
6.000000000000001e-05,6.000000000000001e-05,0.005258727073669434,0.43715802058577535,0.030035017943009733,0.006649611756438389,99.68445587158203,0.006429122795816511,99.70014190673828,0.006375015882076696,99.70106506347656,0.006366842344868928,99.7038345336914,0.0042144252685829995,99.65862274169922,0.27125015258789065,19700,4610,19700
6.000000000000001e-05,6.000000000000001e-05,0.00518331527709961,33.70111723914742,0.5194731867872179,0.059019926190376285,99.08299255371094,0.18127054828219116,99.0755386352539,0.13432553014717996,99.07852172851562,0.11787946098484099,99.05615234375,0.026977712684310973,98.36280822753906,0.27249608039855955,19800,4610,19800
6.000000000000001e-05,6.000000000000001e-05,0.005428314208984375,0.3470718741416931,0.03135254615917802,0.0066635444585699585,99.6692123413086,0.006482240615878254,99.67121887207031,0.0065185811137780545,99.66720581054688,0.006504654791206122,99.66119384765625,0.005183524498715997,99.47074127197266,0.27144222259521483,19900,4610,19900
6.000000000000001e-05,6.000000000000001e-05,0.005183744430541992,0.4283648116979748,0.03094046198675642,0.0066922661499120295,100.0,0.006838019187330247,100.0,0.006816900142075611,100.0,0.006822026241934509,100.0,0.0037712506149546244,100.0,0.27382168769836424,20000,4610,20000
